campaign,start,stop,channel,module,output,ra0,dec0,ra1,dec1,ra2,dec2,ra3,dec3
14,2017-05-30,2017-08-28,1,2,1,163.89755763619905,2.46428244253264,164.0733526763382,3.6539845605390733,165.18257246086577,3.4895143658522194,165.00494405480853,2.299501584884966
14,2017-05-30,2017-08-28,2,2,2,164.25208325657127,4.855585697404136,164.07513389443244,3.666004311717001,165.18437006765512,3.501542922392478,165.36248571393676,4.691525899125046
14,2017-05-30,2017-08-28,3,2,3,166.5701746799787,4.510057389641956,166.3905084011886,3.3208104233121967,165.28174526458992,3.4871312163035975,165.46042148088497,4.677040717153071
14,2017-05-30,2017-08-28,4,2,4,166.20892620319822,2.1196099367810346,166.3886968834565,3.3087897839770584,165.27994643494065,3.475102846159311,165.1017086023239,2.285164978324421
14,2017-05-30,2017-08-28,9,4,1,164.74316372877985,8.09644552681352,164.92500579741443,9.285671811965653,166.04582137814808,9.116103357431369,165.85992981447308,7.926961642326923
14,2017-05-30,2017-08-28,10,4,2,165.11054268883672,10.486739027178666,164.92685562240945,9.297689871301113,166.04770839392816,9.128115646186865,166.2348814515155,10.317156751858763
14,2017-05-30,2017-08-28,11,4,3,167.45536053267037,10.126901443494164,167.26393880461833,8.939255748136816,166.14447199061772,9.113316426172455,166.33276300330888,10.302082051377509
14,2017-05-30,2017-08-28,12,4,4,167.0710755359613,7.739631704935186,167.26200181731465,8.927257198170711,166.1425760972342,9.101305527688801,165.95551110570858,7.9124473128184185
14,2017-05-30,2017-08-28,13,6,1,160.95606997290753,2.398216923373776,162.14759377958003,2.228716307044032,161.98905236974662,1.1208045877522657,160.79773405050128,1.2908550850336895
14,2017-05-30,2017-08-28,14,6,2,163.3507867512303,2.055859048884612,162.1596367140376,2.226995888215345,162.00108842596552,1.1190856520651253,163.19226157794603,0.9485198195056447
14,2017-05-30,2017-08-28,15,6,3,163.01990842677677,-0.25523895729581186,161.8293242743534,-0.0852076476578047,161.98791251380794,1.0227693477150017,163.17912183985828,0.8520797967435622
14,2017-05-30,2017-08-28,16,6,4,160.62680324721788,0.0872292131610764,161.81728560443315,-0.08348264254034611,161.97586631253947,1.0244954596324298,160.78453674741607,1.1947576609295139
14,2017-05-30,2017-08-28,21,8,1,161.48025277903224,5.695173995114623,161.65200546861578,6.8856038625413385,162.76745643730357,6.725006630416424,162.59265860771083,5.534518614085281
14,2017-05-30,2017-08-28,22,8,2,161.8269151964352,8.087927301233572,161.65375367050353,6.89763172549114,162.76922715609936,6.737036949751598,162.94491463473608,7.927474817379534
14,2017-05-30,2017-08-28,23,8,3,164.15824337682068,7.749045109464485,163.97950040481697,6.559679406903556,162.86494714048897,6.723601000389702,163.04146909321483,7.913870556237997
14,2017-05-30,2017-08-28,24,8,4,163.7991423239468,5.358345438134954,163.97769588431083,6.54765992928739,162.8631683990088,6.711571853345105,162.6874981611043,5.521240274077924
14,2017-05-30,2017-08-28,25,9,1,164.26893568165278,8.216224473854709,163.0671261349752,8.395247783763194,163.23463139352447,9.502151578612729,164.44044488183573,9.321962287438456
14,2017-05-30,2017-08-28,26,9,2,161.85214770247342,8.572995912178417,163.05497858423124,8.397041395400418,163.22243649884774,9.503952530055189,162.0153570159658,9.67998645483831
14,2017-05-30,2017-08-28,27,9,3,162.1924718963405,10.880717881002312,163.40367531001536,10.705975785729425,163.23618580721342,9.59900049445467,162.02860809261836,9.77380739145294
14,2017-05-30,2017-08-28,28,9,4,164.62556871235665,10.524008673793357,163.41590623736312,10.704187123081134,163.2483860542815,9.597210625688128,164.45469010549579,9.418149655965118
14,2017-05-30,2017-08-28,29,10,1,164.700429077571,11.036798237047327,163.48888716231147,11.219267113397178,163.66065837673995,12.32583494572776,164.87739217504267,12.142025608490204
14,2017-05-30,2017-08-28,30,10,2,162.2636425060728,11.39920082321874,163.47663420925758,11.2210881801606,163.6483571443501,12.327663374603869,162.42991795035297,12.506053966375795
14,2017-05-30,2017-08-28,31,10,3,162.61118119878316,13.706924671628139,163.83490071563546,13.528303556862474,163.66153933002965,12.421854782420235,162.44268704842506,12.600315433581592
14,2017-05-30,2017-08-28,32,10,4,165.0689982983511,13.341204110906382,163.84725901914703,13.526460737962353,163.67384490703537,12.420025760270777,164.89097918149042,12.23604750965804
14,2017-05-30,2017-08-28,33,11,1,158.13408677978103,2.790817747944037,159.32657731400099,2.6256361468079854,159.1719811140431,1.5171932550741631,157.97987652794922,1.6828690345860216
14,2017-05-30,2017-08-28,34,11,2,160.5307155912673,2.45701674056332,159.3386255646845,2.6239551385398503,159.1840267815274,1.5155126291538663,160.37594210167512,1.349151309821532
14,2017-05-30,2017-08-28,35,11,3,160.2070712473395,0.14472292673686113,159.0158533394551,0.3103266547837794,159.17019439300378,1.418842111460198,160.36214114104052,1.2526396265713937
14,2017-05-30,2017-08-28,36,11,4,157.81263020475862,0.47797846485905265,159.0038164311773,0.3119996145193034,159.15814923670467,1.4205226629610297,157.96603160485162,1.586129070121712
14,2017-05-30,2017-08-28,37,12,1,158.52486097429696,5.619314687918806,159.72166893883806,5.454394383224033,159.5663501301517,4.345955139707141,158.37105415756815,4.511209980093495
14,2017-05-30,2017-08-28,38,12,2,160.929820539275,5.284787154479785,159.73375925167332,5.452713212954512,159.57842079755142,4.344276744157673,160.7731844329941,4.177086816954417
14,2017-05-30,2017-08-28,39,12,3,160.60350240713313,2.9751552445594864,159.410797365632,3.141838810727963,159.56599992509499,4.250269829295988,160.7605818050983,4.082773478962522
14,2017-05-30,2017-08-28,40,12,4,158.20574111105176,3.309417863367334,159.39874373456038,3.143520580403519,159.5539201308536,4.251955279920498,158.3588122110182,4.417608332590112
14,2017-05-30,2017-08-28,41,13,1,158.9180175276052,8.451403738385673,160.1220844515061,8.286879825382528,159.96575936363251,7.178492842427738,158.7643460023279,7.343205570865355
14,2017-05-30,2017-08-28,42,13,2,161.33718521204185,8.116385467144157,160.1342406543147,8.285195087747862,159.97789573836357,7.176810923996171,161.1784057219501,7.008916841471698
14,2017-05-30,2017-08-28,43,13,3,161.00636928696213,5.806811030840956,159.80915483420904,5.973726633317919,159.96480150642702,7.082168993009856,161.16508850484416,6.914225141837233
14,2017-05-30,2017-08-28,44,13,4,158.5991950077957,6.140385218041659,159.79704723410413,5.975404496806312,159.95267330858354,7.083849775392708,158.751513808602,7.248706927840491
14,2017-05-30,2017-08-28,45,14,1,161.41140653594482,8.633150828217158,160.20693934882763,8.803757237354334,160.3666027572908,9.9119207282712,161.57527315982816,9.740155906137456
14,2017-05-30,2017-08-28,46,14,2,158.9892703602674,8.972810704311057,160.19475869489932,8.805468687575203,160.35438397436914,9.913637441876242,159.14445237748322,10.081054161713652
14,2017-05-30,2017-08-28,47,14,3,159.31423135512014,11.284999150677272,160.52839468726026,11.11857419688962,160.3684363314499,10.010394689572223,159.1580542893451,10.176924764149764
14,2017-05-30,2017-08-28,48,14,4,161.75328277939747,10.944744331856267,160.54065614681133,11.11686296171218,160.38066029037384,10.008688799323876,161.58976196001652,9.837719413473865
14,2017-05-30,2017-08-28,49,15,1,161.83148307712625,11.46473774598828,160.61647075131384,11.635774044957914,160.7775418904129,12.743878725974142,161.99797226732784,12.571499002507494
14,2017-05-30,2017-08-28,50,15,2,159.38777397724638,11.803991211479138,160.60418076938075,11.63748356526926,160.76520149147916,12.745595388023792,159.54311591329775,12.91233456223582
14,2017-05-30,2017-08-28,51,15,3,159.71418551481878,14.116641159398563,160.9418084859285,13.949304818016316,160.7788509424829,12.841315029963548,159.5563181725219,13.008487873631891
14,2017-05-30,2017-08-28,52,15,4,162.17990012015912,13.77341801536746,160.95420928683018,13.947579594611046,160.79119593052695,12.839597733269265,162.0120539698671,12.666691594199778
14,2017-05-30,2017-08-28,53,16,1,155.3075360399424,3.1747194844318,156.50106576569496,3.0145103400510695,156.3509659913099,1.9054742949938752,155.1579647811048,2.066174963230389
14,2017-05-30,2017-08-28,54,16,2,157.70621741321713,2.85070841038438,156.513128489638,3.0128774868713935,156.36302419781416,1.9038415605034313,157.5557990306701,1.742274690871559
14,2017-05-30,2017-08-28,55,16,3,157.3933949768097,0.5399201509252531,156.20152718020492,0.7008716084125151,156.3515233748049,1.8099770742641568,157.5443115507885,1.6483649710507133
14,2017-05-30,2017-08-28,56,16,4,154.99761515386288,0.8637178567596895,156.1894848497528,0.7024957671363484,156.33946504897,1.8116040830425928,155.14648037765036,1.9724391214869985
14,2017-05-30,2017-08-28,57,17,1,155.67900581700346,6.0040757705635945,156.87746255203623,5.845473743846222,156.727847804022,4.736252378790975,155.53104646821183,4.895200343706898
14,2017-05-30,2017-08-28,58,17,2,158.08724825152532,5.682031463660591,156.88956726928063,5.843852450173513,156.73994261654346,4.734632473601072,157.93618537170403,4.573577076240303
14,2017-05-30,2017-08-28,59,17,3,157.7732315383587,3.370754275795745,156.57908446487704,3.53077242708844,156.72807142305868,4.640132404539528,157.9242755834406,4.479282761243304
14,2017-05-30,2017-08-28,60,17,4,155.37254159049496,3.691467471444047,156.56701260134145,3.532383435700381,156.7159774625203,4.641746431857483,155.51922766338893,4.800579302582492
14,2017-05-30,2017-08-28,61,18,1,158.438926566147,8.560571279031226,158.2756555210307,7.368952386817114,157.15708493217255,7.518088621394894,157.3177246139565,8.710609201448452
14,2017-05-30,2017-08-28,62,18,2,158.11103299852243,6.165310808708602,158.27401150350784,7.356909820070816,157.15546533593994,7.5060427325989,156.9956881658238,6.31347182443892
14,2017-05-30,2017-08-28,63,18,3,155.781872022507,6.474185623813913,155.93897441038402,7.666598892325869,157.05827714550006,7.51955751354617,156.8977249393809,6.32701945541044
14,2017-05-30,2017-08-28,64,18,4,156.09924250791354,8.870914950497284,155.94057194310156,7.67864775448189,157.05991125855363,7.53160148615093,157.2213855394278,8.724075793429407
14,2017-05-30,2017-08-28,65,19,1,158.83608778226764,11.389726580097204,158.66977312366663,10.198340941577365,157.54266322161368,10.34844823042719,157.7051935469496,11.54091619333538
14,2017-05-30,2017-08-28,66,19,2,158.5023788127347,8.994919184996833,158.66809318978648,10.186303519308694,157.541030444367,10.336398656515994,157.3797120859817,9.143851570065122
14,2017-05-30,2017-08-28,67,19,3,156.15693127354757,9.30388518444417,156.3136115170429,10.49647754272526,157.44180300764094,10.35027339339234,157.28048656357012,9.157719040130422
14,2017-05-30,2017-08-28,68,19,4,156.47378156449025,11.700956078373789,156.31520872518047,10.508525793034817,157.44344357682837,10.362321969581403,157.60602802899456,11.554790137947089
14,2017-05-30,2017-08-28,69,20,1,158.95063349399317,11.860437198227311,157.7323277023488,12.021542946793017,157.88402147651453,13.131055053982351,159.10793905596816,12.968668475697028
14,2017-05-30,2017-08-28,70,20,2,156.50030974692032,12.179468394897262,157.72000182534103,12.023148060331536,157.87164901606135,13.132666432004466,156.6461317829752,13.289222149458219
14,2017-05-30,2017-08-28,71,20,3,156.80714626237045,14.495544588967931,158.0383084481974,14.338178594073385,157.88449468645175,13.228848538905572,156.65858376892893,13.386111060478504
14,2017-05-30,2017-08-28,72,20,4,159.2800113560073,14.172096105118861,158.05074254541697,14.336553904525818,157.89687113562192,13.22723089083228,159.12114795039668,13.064035416172548
14,2017-05-30,2017-08-28,73,22,1,155.20503476911045,6.115282512655647,155.04963928592434,4.922664137278447,153.93537975002184,5.065841000085267,154.08917553819163,6.259242229670289
14,2017-05-30,2017-08-28,74,22,2,154.89258693104657,3.7180428001635017,155.0480661314404,4.910615457926218,153.9338316910418,5.053783265084983,153.7805918108462,3.8603517726912018
14,2017-05-30,2017-08-28,75,22,3,152.57434305537492,4.013424416931034,152.7252057452007,5.206662188611933,153.83997868228332,5.0653555129836665,153.68671287762407,3.8718975313248274
14,2017-05-30,2017-08-28,76,22,4,152.87875615224925,6.411853826139271,152.72673766753442,5.218722283963875,153.84153140914665,5.077418407905634,153.99539918979036,6.2708406055025785
14,2017-05-30,2017-08-28,77,23,1,155.57351407052693,8.939236058920976,155.41753928511974,7.7464842104242475,154.29693609169138,7.888679487811339,154.45010228510608,9.082320163519418
14,2017-05-30,2017-08-28,78,23,2,155.26031283226513,6.5416960001510915,155.4159678208181,7.7344319490231195,154.29539570792392,7.876617446290268,154.14309013520176,6.682929802641776
14,2017-05-30,2017-08-28,79,23,3,152.92808027632438,6.835086245794892,153.07714151603565,8.028645744587434,154.19847508318765,7.889108013291384,154.04583639346455,6.695456015709966
14,2017-05-30,2017-08-28,80,23,4,153.22921653189977,9.234129279843986,153.07865729963515,8.040705138475044,154.2000241057239,7.901168975015845,154.3535748061916,9.094756220425726
14,2017-05-30,2017-08-28,81,24,1,155.94765905808987,11.762847145422104,155.7907343251528,10.570036529492967,154.66096613853622,10.711287241121846,154.81389712859186,11.9051494400743
14,2017-05-30,2017-08-28,82,24,2,155.63285302236244,9.365169519792747,155.78915653222296,10.557979996332719,154.65943149279707,10.69921947314775,154.50769020946683,9.505279938172905
14,2017-05-30,2017-08-28,83,24,3,153.28352163631084,9.654802381164288,153.43049020498296,10.848839088699858,154.56138262835893,10.71161662857367,154.40960655476775,9.517588723872803
14,2017-05-30,2017-08-28,84,24,4,153.58083087935563,12.054790970923394,153.4319813888248,10.860906452742364,154.56292495229155,10.723683487077555,154.71594308522464,11.917633401618533
15,2017-08-21,2017-11-18,1,2,1,236.4989523011039,-23.65926735802958,236.4757485116133,-22.456873870778672,237.6864221828022,-22.432909722865766,237.71985795848468,-23.63567900076845
15,2017-08-21,2017-11-18,2,2,2,236.4534528135378,-21.24230206500784,236.47551934573337,-22.44472523424944,237.68608731732482,-22.420752020125356,237.65326399867388,-21.21796644896918
15,2017-08-21,2017-11-18,3,2,3,238.95849350687334,-21.182800462089936,239.00239490209816,-22.384788325915174,237.7923399609874,-22.418125901772083,237.75907891999827,-21.215340207748607
15,2017-08-21,2017-11-18,4,2,4,239.0469202069748,-23.598913232005067,239.0028445828883,-22.39693713341361,237.79268412016825,-22.430283382442788,237.826513063174,-23.63305947470401
15,2017-08-21,2017-11-18,9,4,1,236.4005376125609,-17.96530422686325,236.3814211598274,-16.762708465891357,237.55016230564456,-16.742773859858804,237.5764164684146,-17.945780776559033
15,2017-08-21,2017-11-18,10,4,2,236.36297278296848,-15.547942510666433,236.38123539251964,-16.75055384719454,237.54990194861264,-16.730620496325912,237.52400717770973,-15.527610418241656
15,2017-08-21,2017-11-18,11,4,3,238.7857507043808,-15.500171459538771,238.81911133284984,-16.702299092861537,237.65083198304418,-16.728580703146793,237.6251530130039,-15.525667860544168
15,2017-08-21,2017-11-18,12,4,4,238.8524266519102,-17.916588435733225,238.819440488969,-16.714445172985872,237.65109282409068,-16.74073404191447,237.67706458566525,-17.943645316793813
15,2017-08-21,2017-11-18,13,6,1,233.33205302965143,-24.16955688424315,234.65013515649395,-24.16549803822314,234.6597925345758,-25.284651538706985,233.32916506574915,-25.288166230220792
15,2017-08-21,2017-11-18,14,6,2,235.98134915318852,-24.150575300136783,234.6634585249539,-24.16540116948379,234.67323595923136,-25.284553334884365,236.00365082683098,-25.269012564058727
15,2017-08-21,2017-11-18,15,6,3,236.02821471285512,-26.484845694269946,234.68456127273498,-26.50098993037488,234.6747509908274,-25.3817567266586,236.00633321029292,-25.366313173857183
15,2017-08-21,2017-11-18,16,6,4,233.32708855937773,-26.503865119571255,234.67097215870504,-26.50108357847872,234.6612840638085,-25.381849490998974,233.32949813168898,-25.385164741217395
15,2017-08-21,2017-11-18,21,8,1,233.39388004844892,-20.831894938968084,233.3958661099861,-19.62928795445923,234.5840864430392,-19.62737475765522,234.59078494694657,-20.83046535592557
15,2017-08-21,2017-11-18,22,8,2,233.39841480959512,-18.41452513720575,233.39589505510872,-19.617135549331856,234.58401944035427,-19.615216757365886,234.5774415789862,-18.41211000786967
15,2017-08-21,2017-11-18,23,8,3,235.85808678547164,-18.402021511859754,235.873936613951,-19.60444344767888,234.68593345808864,-19.614225671324927,234.679244136582,-18.411165074670283
15,2017-08-21,2017-11-18,24,8,4,235.889462157373,-20.81900850053978,235.87409500527338,-19.616594968421126,234.68600209394074,-19.62638366570329,234.6927732640892,-20.82944536699155
15,2017-08-21,2017-11-18,25,9,1,235.8932109689815,-17.92331581259195,234.62926553866197,-17.93146291701221,234.62562384799233,-16.81226582022776,235.8824467456057,-16.80470893345927
15,2017-08-21,2017-11-18,26,9,2,233.3524905245413,-17.930778313260312,234.61649479394046,-17.931500207428915,234.61291925001098,-16.812302691072265,233.3560456021456,-16.81212608716082
15,2017-08-21,2017-11-18,27,9,3,233.35869138946117,-15.598817038572824,234.60721070534512,-15.597121664400216,234.61192299640604,-16.716297254225466,233.35570352127283,-16.717401013170672
15,2017-08-21,2017-11-18,28,9,4,235.86828819310028,-15.588985913355929,234.61982555156993,-15.597067674422364,234.62462141530176,-16.71624871459457,235.88078005664696,-16.707513201907656
15,2017-08-21,2017-11-18,29,10,1,235.8577369805072,-15.0710500479663,234.61220837383613,-15.07708015067604,234.60997080892767,-13.957810830656678,235.84977592542418,-13.95233688730573
15,2017-08-21,2017-11-18,30,10,2,233.35404991175955,-15.075672063780871,234.59961909572755,-15.077104733709763,234.5974450547397,-13.957835285025107,233.35760353110467,-13.956934923717125
15,2017-08-21,2017-11-18,31,10,3,233.3606547622845,-12.74316098543676,234.59368371470612,-12.74351293374902,234.59576903716138,-13.862781805776557,233.35645596278704,-13.861859528007646
15,2017-08-21,2017-11-18,32,10,4,235.83916273000335,-12.73872739294325,234.60614665410316,-12.743494363260933,234.60828964576842,-13.862757437755354,235.84757856384698,-13.85740562046128
15,2017-08-21,2017-11-18,33,11,1,230.21277828411093,-24.138407484849946,231.53047419647726,-24.159383365379856,231.51439041956803,-25.278445569004784,230.1842147285162,-25.25671905924285
15,2017-08-21,2017-11-18,34,11,2,232.86180881669122,-24.16970126041677,231.54379209338111,-24.159543489291877,231.52783492123547,-25.278607188911266,232.8583568642365,-25.288309167257566
15,2017-08-21,2017-11-18,35,11,3,232.8536843616074,-26.50450879393699,231.50986037458722,-26.495359355315976,231.52603577031795,-25.376248132762303,232.8576954159292,-25.385800274094702
15,2017-08-21,2017-11-18,36,11,4,230.15283685600008,-26.472829456269338,231.49628292730108,-26.495202511958002,231.51258042389955,-25.37608634890828,230.1812672577982,-25.354407576221814
15,2017-08-21,2017-11-18,37,12,1,230.27873668625415,-21.283841640929232,231.56926729279664,-21.303532543349053,231.55408293802665,-22.422633129336823,230.25282994814114,-22.402228516047796
15,2017-08-21,2017-11-18,38,12,2,232.87310991897874,-21.3140571786754,231.58231001824456,-21.3036837577202,231.56722827095106,-22.42278555120991,232.86877250705226,-22.432695205844105
15,2017-08-21,2017-11-18,39,12,3,232.86374672957044,-23.646489679510434,231.55099223878958,-23.636709173601496,231.56672062589632,-22.51760375514066,232.86916133113792,-22.52784182458841
15,2017-08-21,2017-11-18,40,12,4,230.2253037938251,-23.61501980013256,231.53772807368023,-23.63654967190077,231.55355396740535,-22.51744542482438,230.2514018923803,-22.49661327985083
15,2017-08-21,2017-11-18,41,13,1,230.34021988244172,-18.42558937512471,231.60767910086355,-18.44351966158216,231.59379880375712,-19.562601338542454,230.31721329523194,-19.54398030791933
15,2017-08-21,2017-11-18,42,13,2,232.8881411997656,-18.45374228885249,231.62048261507783,-18.44366228933858,231.6067008819405,-19.56274506843255,232.88349858241088,-19.572331096532842
15,2017-08-21,2017-11-18,43,13,3,232.87781088211307,-20.786520808252913,231.5916268526569,-20.77736874671915,231.60574363661058,-19.658270456387942,232.88333034886818,-19.66794090668047
15,2017-08-21,2017-11-18,44,13,4,230.29269515035674,-20.757712139708847,231.57862392123633,-20.777223903871448,231.59283997623913,-19.658126728234993,230.31548213791115,-19.639318354290157
15,2017-08-21,2017-11-18,45,14,1,232.89011817428758,-17.93178940031813,231.62609954039053,-17.920167668165163,231.641667603298,-16.800961196924227,232.89855942640654,-16.81305694329947
15,2017-08-21,2017-11-18,46,14,2,230.3495475919893,-17.899521773948848,231.6133226384723,-17.920002201701244,231.62896847495603,-16.800796911166184,230.37228950603551,-16.7809721290003
15,2017-08-21,2017-11-18,47,14,3,230.39666218657823,-15.565748343338178,231.64496653245746,-15.583871908967357,231.63039197801078,-16.703064286449965,230.37437533462278,-16.684191592809658
15,2017-08-21,2017-11-18,48,14,4,232.90605934891968,-15.5958280165401,231.6575817837089,-15.584023722694354,231.64308473298414,-16.703217039633056,232.8992943391678,-16.714456741172285
15,2017-08-21,2017-11-18,49,15,1,232.91018808325182,-15.070222048568292,231.66479811319198,-15.059863016973107,231.67829560038797,-13.940706390342775,232.91797082040245,-13.951571228802763
15,2017-08-21,2017-11-18,50,15,2,230.4069984438697,-15.041873146197988,231.65220843221485,-15.059717256513016,231.66576935083168,-13.940561351706547,230.42624031625536,-13.923346051610608
15,2017-08-21,2017-11-18,51,15,3,230.44762073247233,-12.707785712039074,231.68042299629758,-12.724732581293303,231.66661116870245,-13.843924122664632,230.42756380233686,-13.826344295718858
15,2017-08-21,2017-11-18,52,15,4,232.9258157796103,-12.736693182296765,231.69288641474597,-12.724876899939689,231.67913219443489,-13.844069118175396,232.91833412846108,-13.855392566144356
15,2017-08-21,2017-11-18,53,16,1,227.09381786789564,-24.046118496737567,228.40988760036447,-24.091826939365117,228.36832262749823,-25.210317733289806,227.0398535662061,-25.16361027032718
15,2017-08-21,2017-11-18,54,16,2,229.74008277994375,-24.1272077148001,228.4231961455996,-24.092238071361237,228.38175679008668,-25.210733231536057,229.71112672322252,-25.24547503484714
15,2017-08-21,2017-11-18,55,16,3,229.67973124097875,-26.458414388567256,228.33716395107015,-26.42382526811619,228.379527189584,-25.305277431594938,229.71001954601354,-25.340078840597272
15,2017-08-21,2017-11-18,56,16,4,226.98203100031228,-26.375586349041665,228.32360385540613,-26.42341238694029,228.3660823736957,-25.30486742499199,227.03651331286667,-25.257997784228593
15,2017-08-21,2017-11-18,57,17,1,227.2147118129118,-21.194823065305044,228.5038978409739,-21.237421458761084,228.4656156876252,-22.35603763812372,227.16576639594226,-22.312513556673714
15,2017-08-21,2017-11-18,58,17,2,229.80676759352804,-21.271168870774744,228.51692700810403,-21.23780768551247,228.47875924898284,-22.356427226477898,229.77933458550882,-22.389497816347014
15,2017-08-21,2017-11-18,59,17,3,229.74953957298615,-23.60294580688423,228.4377072816299,-23.57034252116098,228.47639390001257,-22.451639962063133,229.77796461434198,-22.48452820103525
15,2017-08-21,2017-11-18,60,17,4,227.11342591880978,-23.525621531537844,228.42445135704338,-23.569955458511586,228.46324114842804,-22.451255903025814,227.1623937282384,-22.40781360522116
15,2017-08-21,2017-11-18,61,18,1,229.83095482494804,-18.371647544162293,229.80311995961105,-19.573898494861727,228.61584894946796,-19.545158306094333,228.65277677216432,-18.342587945990662
15,2017-08-21,2017-11-18,62,18,2,229.77394536976982,-20.788281669252793,229.80283788945175,-19.586048029430284,228.61547138986964,-19.55730553248648,228.57795493550634,-20.759862563270676
15,2017-08-21,2017-11-18,63,18,3,227.27751009504104,-20.717308096757613,227.3254308040661,-19.515588058872922,228.51228731350284,-19.55375182231966,228.47289272830108,-20.7563244482797
15,2017-08-21,2017-11-18,64,18,4,227.37383265292152,-18.301737091937756,227.32591737453336,-19.5034442805724,228.5126908395053,-19.541605333358593,228.55152571249852,-18.339025790651263
15,2017-08-21,2017-11-18,65,19,1,229.9007060798389,-15.516364905567736,229.87341582383533,-16.71861353051745,228.70532034137517,-16.69055492048085,228.7402587749483,-15.487926212620925
15,2017-08-21,2017-11-18,66,19,2,229.84480986456236,-17.932993714429383,229.87313206469412,-16.730760937344176,228.70496812995512,-16.702706399920476,228.6695505794412,-17.905329766330997
15,2017-08-21,2017-11-18,67,19,3,227.3908788529569,-17.865336349365883,227.43435642928594,-16.663514858957402,228.60209977494523,-16.699074708916704,228.565647249972,-17.901675949318943
15,2017-08-21,2017-11-18,68,19,4,227.47841311012525,-15.449563092219702,227.43480135673383,-16.651372167562197,228.60247046224242,-16.68692371701968,228.63848651605133,-15.484318111008866
15,2017-08-21,2017-11-18,69,20,1,229.96017679756298,-15.03588064058591,228.7151947587137,-15.00717379283542,228.74622020124656,-13.888230656929446,229.98548877723292,-13.917320645263386
15,2017-08-21,2017-11-18,70,20,2,227.45801394323317,-14.970751883048036,228.7026079822924,-15.006845985367548,228.73370244740755,-13.887904572897611,227.49478688202686,-13.852487567765516
15,2017-08-21,2017-11-18,71,20,3,227.5353180838473,-12.636721392978606,228.7674611743609,-12.672014597356352,228.73602095578372,-13.79093879933701,227.49763984749865,-13.754883339139909
15,2017-08-21,2017-11-18,72,20,4,230.01234665270366,-12.702605656848627,228.77991598527825,-12.672344102113971,228.74853332349738,-13.791270469689255,229.98726453938073,-13.821104714926577
15,2017-08-21,2017-11-18,73,22,1,226.70066584409855,-21.1262517583893,226.6466917472706,-22.32781251312535,225.43826145928824,-22.276170970821894,225.50289115302414,-21.07449651381396
15,2017-08-21,2017-11-18,74,22,2,226.5905059799565,-23.54146806334423,226.64613501003504,-22.339951792854578,225.43760579375348,-22.288311758593828,225.37182606118023,-23.489954941300905
15,2017-08-21,2017-11-18,75,22,3,224.05146113517083,-23.423001570829655,224.12841131135193,-22.2224192543024,225.33590937284896,-22.283951416562957,225.26903709199968,-23.48557260752274
15,2017-08-21,2017-11-18,76,22,4,224.20543419036062,-21.00969710207426,224.1291869697552,-22.210284276665835,225.33658029802487,-22.27180563099149,225.40233181546006,-21.070154263580175
15,2017-08-21,2017-11-18,77,23,1,226.82251760528143,-18.28108464531611,226.77184383992062,-19.482822229707622,225.58591785006513,-19.43391555368329,225.64561562217216,-18.232027888669602
15,2017-08-21,2017-11-18,78,23,2,226.71927912602345,-20.696665132387977,226.7713278648034,-19.494964927510225,225.58531293071212,-19.446060330539897,225.52468354829034,-20.647921401423254
15,2017-08-21,2017-11-18,79,23,3,224.22714073518463,-20.58412172842615,224.29763405684423,-19.383271087113126,225.48277673508568,-19.44113470718358,225.42073505895297,-20.64293772988716
15,2017-08-21,2017-11-18,80,23,4,224.36843548123505,-18.17029856464741,224.29834658903218,-19.371137255036352,225.48340138166938,-19.42899081936951,225.54454195083858,-18.227173899480825
15,2017-08-21,2017-11-18,81,24,1,226.9403324768104,-15.435824562542148,226.89299842775773,-16.637668395078595,225.72592810166753,-16.591659444100177,225.78083715227567,-15.38957434281617
15,2017-08-21,2017-11-18,82,24,2,226.84394940359235,-17.851624308871,226.89251893183658,-16.649815604409145,225.72537455082607,-16.60380948443499,225.66974413273422,-17.805884304731016
15,2017-08-21,2017-11-18,83,24,3,224.3939377483302,-17.746922905341325,224.45756946005852,-16.54569790129509,225.62412794835188,-16.599176622988594,225.56743740370112,-17.801297506156278
15,2017-08-21,2017-11-18,84,24,4,224.52174811091237,-15.33234622876352,224.4582084713195,-16.53355744003356,225.62469977441407,-16.587027332888,225.68070691175308,-15.38489213442818
16,2017-11-20,2018-02-09,1,2,1,327.2739675808539,-17.496179438023447,326.59360281554456,-16.484818871337676,327.57344357028717,-15.878903394052863,328.25664629041376,-16.88785573650468
16,2017-11-20,2018-02-09,2,2,2,325.9141427496072,-15.460650610850728,326.5867682300312,-16.474587466954134,327.5665734619714,-15.868693682590315,326.89027669451076,-14.857574537812155
16,2017-11-20,2018-02-09,3,2,3,327.9469226694214,-14.197403146287936,328.62592501929464,-15.204924282774686,327.6522551403626,-15.815213453795144,326.97607725034726,-14.804115539227812
16,2017-11-20,2018-02-09,4,2,4,329.31792024759017,-16.220826265335596,328.6328220825143,-15.215096362090367,327.6591277575518,-15.825420468135693,328.34214692126216,-16.834389820655055
16,2017-11-20,2018-02-09,9,4,1,324.1174652670408,-12.684912024162964,323.4681969261244,-11.663256823222154,324.43786792057745,-11.072376651163031,325.08918602139033,-12.09254896618365
16,2017-11-20,2018-02-09,10,4,2,322.81771593314255,-10.629491877571573,323.46166506761875,-11.652920317322334,324.4313144910262,-11.062061539245711,323.7845888131184,-10.040477259264575
16,2017-11-20,2018-02-09,11,4,3,324.83238553949496,-9.398388507312458,325.480630524018,-10.417392741924871,324.51487527156985,-11.010871491561932,323.86871990808163,-9.989123658161708
16,2017-11-20,2018-02-09,12,4,4,326.13907565679426,-11.445772156322422,325.4871928374032,-10.42768701451998,324.5214255583884,-11.021187809556887,325.1720959084579,-12.041564785283564
16,2017-11-20,2018-02-09,13,6,1,324.97455045184313,-19.467433001362675,326.04828747474517,-18.821484420203873,326.6898291925357,-19.76272960375514,325.6115124463738,-20.412299052339606
16,2017-11-20,2018-02-09,14,6,2,327.1248802676572,-18.163381790345536,326.0590999393066,-18.814924856655487,326.7006776178573,-19.756131982998312,327.7701295586572,-19.100117560257377
16,2017-11-20,2018-02-09,15,6,3,328.47978960030105,-20.11591947968819,327.40706428683063,-20.776291268558996,326.75728687016823,-19.837454555933373,327.82719008313273,-19.181157237407685
16,2017-11-20,2018-02-09,16,6,4,326.31359185505397,-21.435967351615844,327.3961661154676,-20.78293082739925,326.7464217705424,-19.844057040134555,325.667585032954,-20.49383795442124
16,2017-11-20,2018-02-09,21,8,1,323.16052838025433,-16.60929766014445,322.5042429233946,-15.585245814372197,323.49193518513766,-14.997982189440087,324.1511292195079,-16.01975069040398
16,2017-11-20,2018-02-09,22,8,2,321.8484177517613,-14.548604674069063,322.49765275647036,-15.57488317199372,323.48530661219803,-14.987646643638397,322.8324569333348,-13.963958710593474
16,2017-11-20,2018-02-09,23,8,3,323.89614490995433,-13.325080662460069,324.55159680275574,-14.345377568691784,323.56952062974483,-14.936678705109314,322.91697637196495,-13.912951261433651
16,2017-11-20,2018-02-09,24,8,4,325.219153156774,-15.374489888235656,324.55824801442486,-14.35568100208953,323.57614665281443,-14.947014836229107,324.234985842286,-15.968865078112026
16,2017-11-20,2018-02-09,25,9,1,323.67133608564495,-12.89807367788861,322.61881567522994,-13.527632241837964,322.02087942494467,-12.571952290929474,323.07169560180523,-11.944939786937425
16,2017-11-20,2018-02-09,26,9,2,321.54968102871754,-14.158532542227304,322.6081518282017,-13.533967954777657,322.01023157600974,-12.578269153056434,320.9542244350533,-13.201105659393848
16,2017-11-20,2018-02-09,27,9,3,320.31264974419497,-12.161703427375436,321.36446662845526,-11.54005094627688,321.9585727661305,-12.49656802487214,320.90348235900046,-13.12028695249246
16,2017-11-20,2018-02-09,28,9,4,322.42256441993925,-10.908914825971848,321.37506947644374,-11.533749393463085,321.96921249349003,-12.49024303847837,323.01917803021604,-11.862424281685378
16,2017-11-20,2018-02-09,29,10,1,322.1435569629094,-10.469375902054404,321.0958544603685,-11.091617823975012,320.50954320885825,-10.132100103999088,321.5559673510841,-9.511922387092147
16,2017-11-20,2018-02-09,30,10,2,320.0327144242224,-11.715955900151547,321.08524176844196,-11.09788745595501,320.4989517824765,-10.138350082977118,319.4484145434892,-10.755149951729349
16,2017-11-20,2018-02-09,31,10,3,318.81801578545134,-9.711881771232347,319.8656111575981,-9.096870339495442,320.44806398919434,-10.0575549726821,319.39770713856353,-10.674167191416634
16,2017-11-20,2018-02-09,32,10,4,320.92048496724965,-8.473175607229829,319.87618466350307,-9.09064450400832,320.4586537450991,-10.051306617662283,321.5049710221821,-9.43138485243098
16,2017-11-20,2018-02-09,33,11,1,322.4010173999253,-20.97412510308784,323.49447384720526,-20.342201487465417,324.12877916039963,-21.291409921166824,323.0301865658099,-21.92722137356197
16,2017-11-20,2018-02-09,34,11,2,324.5902483262431,-19.697567382595416,323.5054809249243,-20.33578568840156,324.1398338109407,-21.284950523991764,325.228830701425,-20.642024636545376
16,2017-11-20,2018-02-09,35,11,3,325.9315016604092,-21.66658947278234,324.83868814050186,-22.31437867715219,324.1952457505578,-21.367848225598802,325.2845657186473,-20.724401858411703
16,2017-11-20,2018-02-09,36,11,4,323.7242486207102,-22.960774018312588,324.82759441373025,-22.32088698719131,324.1841872938754,-21.374311245117816,323.0851926462481,-22.010575621191037
16,2017-11-20,2018-02-09,37,12,1,320.8261497543817,-18.533667776978255,321.9089355362036,-17.910413953744353,322.5245731151573,-18.8650341132687,321.4371313682076,-19.491633415874528
16,2017-11-20,2018-02-09,38,12,2,322.99527868688233,-17.275353467553174,321.9198393488689,-17.9040871090839,322.5355147596358,-18.85867215158085,323.6147607629283,-18.225768882055977
16,2017-11-20,2018-02-09,39,12,3,324.2944464801171,-19.254868619499607,323.2116620215138,-19.891624585853275,322.58864127161536,-18.9390735703039,323.66838560382485,-18.306142251947787
16,2017-11-20,2018-02-09,40,12,4,322.1087767417493,-20.527602056358276,323.20067413845305,-19.898022173129664,322.5776828994307,-18.945439767831246,321.4896636833863,-19.572001606343573
16,2017-11-20,2018-02-09,41,13,1,319.2921087973525,-16.07839825128275,320.36509679791595,-15.462052573228183,320.96531998302265,-16.420924364411583,319.8881653379085,-17.040093275753758
16,2017-11-20,2018-02-09,42,13,2,321.4427839678752,-14.834832609888274,320.3759041425317,-15.455804209333452,320.9761705513144,-16.414640146686217,322.046393964538,-15.789994462212162
16,2017-11-20,2018-02-09,43,13,3,322.70759513967937,-16.82516707275276,321.63450960648015,-17.453333800249176,321.0278692128388,-16.49629569444318,322.09843884929273,-15.871444842547067
16,2017-11-20,2018-02-09,44,13,4,320.542697443159,-18.081379210040538,321.62362107560125,-17.45965281783189,321.0170208666229,-16.502579612206038,319.93946019738576,-17.121872490040253
16,2017-11-20,2018-02-09,45,14,1,321.1628294688254,-14.388680210438327,320.09638614126254,-15.007097294757106,319.50575924540453,-14.044829803745722,320.57006554455154,-13.429216605267248
16,2017-11-20,2018-02-09,46,14,2,319.0125793762825,-15.626159764487657,320.08557110166976,-15.013318370541535,319.49497473072006,-14.051024009694927,318.4248812785263,-14.661889255515797
16,2017-11-20,2018-02-09,47,14,3,317.7921947280536,-13.612643298774445,318.8577342808495,-13.003504343822014,319.44369824937587,-13.966891247810205,318.3743903501561,-14.57832163236912
16,2017-11-20,2018-02-09,48,14,4,319.92914097637663,-12.384505305439312,318.8684769301958,-12.997330417386276,319.4544741753922,-13.960689465640572,320.518050531718,-13.34458822275195
16,2017-11-20,2018-02-09,49,15,1,319.6547717372543,-11.93246687479187,318.59602196563736,-12.545457450792673,318.0159185909308,-11.580641934072665,319.0730290397029,-10.969991018268262
16,2017-11-20,2018-02-09,50,15,2,317.5211328807733,-13.159864455406492,318.58528977859896,-12.551628202494246,318.00521166084866,-11.586790502300255,316.9434266886219,-12.193538013999317
16,2017-11-20,2018-02-09,51,15,3,316.320931988712,-11.141691912457663,317.3796007988018,-10.537278842946838,317.9550414311373,-11.503584768259376,316.8932437419014,-12.109846602794642
16,2017-11-20,2018-02-09,52,15,4,318.4450689896387,-9.923745386551213,317.39028253822903,-10.531152254707296,317.96574628539963,-11.49743803752816,319.0229376251217,-10.887338148807492
16,2017-11-20,2018-02-09,53,16,1,319.7747762627275,-22.444596359485807,320.88940065460696,-21.828103547731153,321.51519189196,-22.785844179899524,320.3947401283306,-23.406455498754912
16,2017-11-20,2018-02-09,54,16,2,322.00589274887113,-21.198403158151738,320.9006224933898,-21.821838646242373,321.5264680055772,-22.779533761178932,322.63662669376583,-22.151119381594693
16,2017-11-20,2018-02-09,55,16,3,323.33099193077896,-23.181408178583126,322.21625653041235,-23.81483046721766,321.5808407805277,-22.859726997685044,322.69149081033294,-22.230932980076393
16,2017-11-20,2018-02-09,56,16,4,321.07890354846063,-24.445938371541036,322.20493934574273,-23.821189900662734,321.56956376907635,-22.866046103300057,320.4485527394689,-23.48695894738794
16,2017-11-20,2018-02-09,57,17,1,318.2199094472228,-19.98658714499271,319.3215983398653,-19.378204477132904,319.9284470990912,-20.34091497471887,318.8214712859369,-20.952863494935652
16,2017-11-20,2018-02-09,58,17,2,320.4264182908127,-18.75756382138235,319.33269024254065,-19.372028422552933,319.9395932231729,-20.334695448481863,321.03772213543516,-19.715786871294235
16,2017-11-20,2018-02-09,59,17,3,321.7097604126197,-20.75290455131879,320.607698858567,-21.376446214056013,319.9923519996544,-20.416084508978184,321.0908137629243,-19.796630638630063
16,2017-11-20,2018-02-09,60,17,4,319.4846483046612,-21.998385110583868,320.5965115235866,-21.382711055239913,319.98120525344507,-20.42231229933984,318.8738156827939,-21.034738873756016
16,2017-11-20,2018-02-09,61,18,1,318.8347085865443,-16.28686847512046,319.4744584007529,-17.321779951970687,318.4632397294286,-17.890501503086256,317.8273551325921,-16.851703011731967
16,2017-11-20,2018-02-09,62,18,2,320.1274920997227,-18.365369221659105,319.4809606671238,-17.332227560473928,318.46969860451935,-17.90098500190668,319.1131148493769,-18.937683574730677
16,2017-11-20,2018-02-09,63,18,3,318.000476874887,-19.55205535871278,317.36223128804664,-18.511800679221224,318.381112978542,-17.94959227932153,319.0232937357557,-18.9871617557905
16,2017-11-20,2018-02-09,64,18,4,316.72599085277886,-17.45855027210735,317.35582703549517,-18.501274545540806,318.3746731484858,-17.939097189629905,317.7400895019092,-16.899408650267084
16,2017-11-20,2018-02-09,65,19,1,317.3457181739667,-13.819088527111756,317.9700276769402,-14.858436474486702,316.96727877608555,-15.420209673300722,316.34633665528344,-14.377437067506
16,2017-11-20,2018-02-09,66,19,2,318.6061863224494,-15.906891002539703,317.97636029150743,-14.868932671613853,316.97358650786055,-15.430735815281931,317.60082893282623,-16.471764299997645
16,2017-11-20,2018-02-09,67,19,3,316.49891190416065,-17.079488649788736,315.8756622477201,-16.035832622955727,316.88455026806054,-15.479281481576194,317.5111746688592,-16.52074591958786
16,2017-11-20,2018-02-09,68,19,4,315.25330989968285,-14.979494842960664,315.8694064408676,-16.025274406916967,316.87825585687693,-15.468747094833097,316.2579969037557,-14.425510266855614
16,2017-11-20,2018-02-09,69,20,1,317.1390596998644,-13.378850060973443,316.06668495692224,-13.979699627403738,315.49526289511164,-13.007999802290138,316.565528884281,-12.40971208303493
16,2017-11-20,2018-02-09,70,20,2,314.9774972515772,-14.581340992304138,316.0558119556882,-13.985748786439233,315.48442470686143,-13.014021486669344,314.4089418805321,-13.607838362864248
16,2017-11-20,2018-02-09,71,20,3,313.7969067910213,-12.547533049746267,314.868846232559,-11.956546392359456,315.4348167088127,-12.929935336432512,314.3592542070506,-13.522978333410048
16,2017-11-20,2018-02-09,72,20,4,315.9472037427666,-11.35609355594129,314.87965678739664,-11.950553808306724,315.44565532199255,-12.923920668318667,316.51606766667726,-12.326487673563088
16,2017-11-20,2018-02-09,73,22,1,317.7501134690549,-20.186177582423085,318.397339692466,-21.225284085353287,317.3569549865318,-21.78719993697417,316.7147687908651,-20.743414251425772
16,2017-11-20,2018-02-09,74,22,2,319.05980990430766,-22.27268236627254,318.40391875895057,-21.23577308528855,317.36349261059735,-21.797731647926078,318.01516957769803,-22.83897879986887
16,2017-11-20,2018-02-09,75,22,3,316.87230354949236,-23.44497367206885,316.22636001594896,-22.399748653778467,317.2757674595995,-21.845075310875345,317.9268628717842,-22.886786367577496
16,2017-11-20,2018-02-09,76,22,4,315.5842281974858,-21.3411075721228,316.2198854970418,-22.38916856053906,317.26923637585054,-21.83453236617147,316.62769147931766,-20.790260647986976
16,2017-11-20,2018-02-09,77,23,1,316.24858070849297,-17.718023954193367,316.87761879965916,-18.761844352674633,315.8491601370315,-19.31644396370333,315.22457911472316,-18.26853120872978
16,2017-11-20,2018-02-09,78,23,2,317.52043580882065,-19.81433576595554,316.8840136761372,-18.772380957963392,315.8555138936363,-19.327020842613486,316.4882007322043,-20.37276873905898
16,2017-11-20,2018-02-09,79,23,3,315.3568624228544,-20.971560596864407,314.72965757537213,-19.92224314560231,315.7660518885151,-19.374436054956075,316.3977961791672,-20.42079600070551
16,2017-11-20,2018-02-09,80,23,4,314.1050893179573,-18.859828728435232,314.72336815507447,-19.91162639679014,315.7597126049402,-19.36385046350047,315.1361391689277,-18.315313528701573
16,2017-11-20,2018-02-09,81,24,1,314.78783270382615,-15.238808654324217,315.40200932748905,-16.286250079339393,314.38427948224563,-16.835060931038285,313.7739839322489,-15.784004372857577
16,2017-11-20,2018-02-09,82,24,2,316.0285396209294,-17.34275558186735,315.4082513128779,-16.29682691645797,314.3904860949525,-16.845672999518303,315.00764360720984,-17.8949037538755
16,2017-11-20,2018-02-09,83,24,3,313.88984753048373,-18.488000625340906,313.2772558788033,-17.435826111902177,314.3017153180589,-16.892777953304027,314.91822191177755,-17.942547193163815
16,2017-11-20,2018-02-09,84,24,4,312.6662311235055,-16.370811986553228,313.27110144419777,-17.425182443979995,314.29552253553595,-16.882157629940647,313.685936179718,-15.8305332747364
17,2018-02-01,2018-04-22,1,2,1,184.52598227719798,2.7859550981839885,184.33066152779088,1.5993157633691524,183.22579595162082,1.7809136897360232,183.42089852064822,2.9681804540947687
17,2018-02-01,2018-04-22,2,2,2,184.13291504970366,0.40076557225336396,184.3286865996279,1.587326730811901,183.22382531980526,1.7689126112054305,183.02894443766215,0.5816214111940096
17,2018-02-01,2018-04-22,3,2,3,181.82758962489748,0.7791290100765482,182.02176087038774,1.9660397679232677,183.12680402026095,1.7847340890496026,182.9315466126735,0.5974939032942904
17,2018-02-01,2018-04-22,4,2,4,182.21871327810743,3.1648175251835338,182.023722600098,1.9780365411812006,183.1287740407437,1.7967352704756747,183.3243042421218,2.98394852711783
17,2018-02-01,2018-04-22,9,4,1,183.5940300689049,-2.8320365426934533,183.39589004519246,-4.0183971628752015,182.28940772093674,-3.8331995803740933,182.4894609893321,-2.646624003318198
17,2018-02-01,2018-04-22,10,4,2,183.19457059245306,-5.216606219361785,183.3938789557194,-4.030386401237191,182.28738117951772,-3.84518615416313,182.08674012648729,-5.031709533175996
17,2018-02-01,2018-04-22,11,4,3,180.88354630473972,-4.827093881192444,181.08607845335177,-3.6416218372693185,182.19182979989353,-3.829131141760195,181.99027039243273,-5.015396130844889
17,2018-02-01,2018-04-22,12,4,4,181.29087911404775,-2.444255296443519,181.08813121440645,-3.6296456205624623,182.19386327167916,-3.817145758320346,182.39489476983786,-2.630838159178725
17,2018-02-01,2018-04-22,13,6,1,187.46903820567834,2.7961296922894037,186.28067781741746,2.989890709090449,186.46118186086812,4.094483475825392,187.65135990515768,3.899835701013672
17,2018-02-01,2018-04-22,14,6,2,185.07998789984944,3.184970697860796,186.26866336651614,2.9918449063337085,186.44915364484424,4.096439494520521,185.25839914186543,4.2893338609221185
17,2018-02-01,2018-04-22,15,6,3,185.45307206911426,5.489799524177187,186.64546923290587,5.297081741157793,186.46426466405362,4.192477113621113,185.27329804381478,4.385524195708789
17,2018-02-01,2018-04-22,16,6,4,187.84905842998995,5.099454214785593,186.65752236422642,5.295115865419637,186.47630470074856,4.19051343191859,187.66666647346696,3.995625164284272
17,2018-02-01,2018-04-22,21,8,1,186.87718575543755,-0.4891704907349901,186.6822268113827,-1.6758772649955003,185.57752631904762,-1.4938834136491645,185.77345455475802,-0.3068326692261943
17,2018-02-01,2018-04-22,22,8,2,186.48451979327209,-2.874472057029012,186.6802474174399,-1.6878675555838665,185.57554538563937,-1.5058792273148993,185.37938079660586,-2.692924719037154
17,2018-02-01,2018-04-22,23,8,3,184.1794102395162,-2.493823282655251,184.37633540348554,-1.3075233169153484,185.4807156056824,-1.4906984202604472,185.28390474438663,-2.677590537544383
17,2018-02-01,2018-04-22,24,8,4,184.57572998085112,-0.1093455933995249,184.37832702619784,-1.2955351058889413,185.48270269143347,-1.4787036235549413,185.67931890340904,-0.2917956664515995
17,2018-02-01,2018-04-22,25,9,1,184.0621206496876,-2.959169741905983,185.24979321719846,-3.1584319838927026,185.06417350486245,-4.262200483829654,183.8746492749946,-4.062063322797398
17,2018-02-01,2018-04-22,26,9,2,186.449827518215,-3.358945874026444,185.26179455825067,-3.160441759559787,185.0762004285609,-4.264214842511855,186.266345054563,-4.4625246653170025
17,2018-02-01,2018-04-22,27,9,3,186.06781885842136,-5.6596131457218055,184.87586732834228,-5.462902289729138,185.06091190837031,-4.35900691066365,186.25139271267716,-4.556070143047085
17,2018-02-01,2018-04-22,28,9,4,183.672793109773,-5.261101285601206,184.86382775943346,-5.460903485788619,185.04888132149,-4.357003835875285,183.8590348057731,-4.158016426164258
17,2018-02-01,2018-04-22,29,10,1,183.590936145848,-5.77268951943444,184.78279920094906,-5.974654956492387,184.59432559285958,-7.078152231249429,183.39950593552538,-6.875131708047158
17,2018-02-01,2018-04-22,30,10,2,185.9875092053384,-6.176642808072941,184.79484992051363,-5.976684957857654,184.60640213022987,-7.080186725234943,185.8022822464404,-7.280158849052288
17,2018-02-01,2018-04-22,31,10,3,185.60102699265548,-8.477453683441864,184.4023091188612,-8.277551953298143,184.59179796002334,-7.174143162464176,185.78789957609192,-7.374164567753509
17,2018-02-01,2018-04-22,32,10,4,183.19282645060397,-8.071360132655434,184.39020043656865,-8.275506134783708,184.57971901178823,-7.172108288819402,183.38469123399724,-6.968941129101578
17,2018-02-01,2018-04-22,33,11,1,190.2809158496256,2.33719911282835,189.0931566863146,2.5319245664502152,189.27452385866803,3.636332031187155,190.4638951188537,3.4407836642358114
17,2018-02-01,2018-04-22,34,11,2,187.8931285564489,2.728128204635234,189.0811529691761,2.53389278603369,189.26250233424815,3.6383032217216673,188.07261689699044,3.8322948113508932
17,2018-02-01,2018-04-22,35,11,3,188.26904631062817,5.032630835230357,189.46044696982918,4.839044965418854,189.27869655714053,3.734611216464957,188.08859985395915,3.9284747903725696
17,2018-02-01,2018-04-22,36,11,4,190.66310774245073,4.640881369601024,189.47248203309925,4.837077929692851,189.2907193465586,3.7326398079177423,190.48028057944595,3.5371302141960705
17,2018-02-01,2018-04-22,37,12,1,189.81925030760144,-0.480461417254083,188.63234124428396,-0.2867519333003624,188.8129806776236,0.8177641642882509,190.00040475127014,0.6234188107806645
17,2018-02-01,2018-04-22,38,12,2,187.43356978202254,-0.09034158777389326,188.62034786830688,-0.2847912713522503,188.8009862573574,0.8197250141550286,187.6134469830464,1.013748323366631
17,2018-02-01,2018-04-22,39,12,3,187.80898531890682,2.2117111157976637,188.99668367542304,2.0178740907926715,188.8155802413952,0.9134148014797799,187.6280561084348,1.107767761716194
17,2018-02-01,2018-04-22,40,12,4,190.19599443563976,1.8206105497260665,189.00868321401921,2.015906574286235,188.8275853369241,0.911446408351941,190.01498375348766,0.7166803109097853
17,2018-02-01,2018-04-22,41,13,1,189.3585302705454,-3.3019788106120003,188.16964440496008,-3.1093608793469327,188.3499425641641,-2.004791136503388,189.53825436892657,-2.197874582594103
17,2018-02-01,2018-04-22,42,13,2,186.96929966094154,-2.9127954719384297,188.15763870897277,-3.1074039538617075,188.33793560731317,-2.0028340372078084,187.14992460115232,-1.8088519999756092
17,2018-02-01,2018-04-22,43,13,3,187.34627304677647,-0.610623710660383,188.5332596813731,-0.8039246728533401,188.35310036430712,-1.9085143103923137,187.1651357713663,-1.714458674316853
17,2018-02-01,2018-04-22,44,13,4,189.73225026889895,-0.999512789084719,188.54526064280358,-0.8058807758272619,188.36510100636158,-1.9104703769258498,189.55333273294622,-2.103720632870199
17,2018-02-01,2018-04-22,45,14,1,186.88506246169572,-3.4279305915847376,188.07390028194854,-3.624208743091603,187.89104851343927,-4.728558103691637,186.70016558811722,-4.531382489112854
17,2018-02-01,2018-04-22,46,14,2,189.27517404846105,-3.8215019349893025,188.08591977599136,-3.626191319682088,187.90308450936806,-4.730543278828474,189.09464610436862,-4.925687042692108
17,2018-02-01,2018-04-22,47,14,3,188.89786287870353,-6.1252509586589206,187.70438999229344,-5.931378501449599,187.8870301193373,-4.826967183474576,189.07887533954064,-5.021204656756203
17,2018-02-01,2018-04-22,48,14,4,186.49984587529838,-5.732170848364189,187.69233489750337,-5.9294016994603425,187.87499061697707,-4.824993023909418,186.6838484972854,-4.628634457138225
17,2018-02-01,2018-04-22,49,15,1,186.4122157714255,-6.250516455081328,187.6060841819048,-6.4465478922641175,187.42305479377603,-7.550939573645032,186.2260206817519,-7.353809370538097
17,2018-02-01,2018-04-22,50,15,2,188.81284579210305,-6.642364214370338,187.6181573829459,-6.448521928970327,187.43515582667487,-7.552918277380197,188.6332876979644,-7.7467715481840385
17,2018-02-01,2018-04-22,51,15,3,188.43641421445756,-8.946804406751205,187.23521149412875,-8.752614352654867,187.4196246590039,-7.648324905704629,188.6179996559572,-7.842592038846705
17,2018-02-01,2018-04-22,52,15,4,186.0232619164895,-8.552001496170863,187.22307510263303,-8.750629716854442,187.40752100884652,-7.6463457722516,186.2102630386792,-7.448710775123653
17,2018-02-01,2018-04-22,53,16,1,193.0936981815563,1.8745048913034412,191.90639758367314,2.069480441906591,192.08802702724157,3.1738035237994864,193.27676793931303,2.978018198693519
17,2018-02-01,2018-04-22,54,16,2,190.70690108891802,2.2661710121069585,191.89439474141892,2.0714535470579007,192.07600857934648,3.1757797557248972,190.8868159461208,3.3702198621984896
17,2018-02-01,2018-04-22,55,16,3,191.08187692947232,4.5677819646381534,192.2723396085841,4.3736220500646015,192.09020174822658,3.2692776828297307,190.90082771985715,3.463789354228902
17,2018-02-01,2018-04-22,56,16,4,193.47410204422164,4.175018432773454,192.28436417258592,4.371651206503273,192.1022221841593,3.267306907418866,193.291110495428,3.0713616486296296
17,2018-02-01,2018-04-22,57,17,1,192.63910785409925,-0.9425392812248946,191.45195450234456,-0.7498642453567123,191.63173968454115,0.35478241115162645,192.81924328014145,0.1614771460905525
17,2018-02-01,2018-04-22,58,17,2,190.25301425786878,-0.5542572693315466,191.43996121880548,-0.7479099985129549,191.61973587511773,0.3567383560729948,190.4321823463789,0.5499202049269514
17,2018-02-01,2018-04-22,59,17,3,190.62623773877053,1.748071804292313,191.8139090445888,1.5556243658160738,191.63420262451095,0.45087108555958,190.44651036608496,0.6438728930988128
17,2018-02-01,2018-04-22,60,17,4,193.01325633128323,1.3599435948379899,191.8259121989159,1.5536743360496281,191.64620748131745,0.4489207698011461,192.83383401749074,0.25570527967686435
17,2018-02-01,2018-04-22,61,18,1,189.83029263932465,-3.4229330178279334,190.02248347840805,-2.2358128856990436,191.1282094362607,-2.4142083642094456,190.93654981494385,-3.6019644101116115
17,2018-02-01,2018-04-22,62,18,2,190.21688651069158,-1.0367649437898532,190.02442261868777,-2.22381591751529,191.1301450989281,-2.40221080107281,191.32149287804654,-1.2144366319948643
17,2018-02-01,2018-04-22,63,18,3,192.5230090621106,-1.4094295412039126,192.33211533397986,-2.5967631582497837,191.22617784506787,-2.4183583982700614,191.4184716434041,-1.2306671763819566
17,2018-02-01,2018-04-22,64,18,4,192.13825545740244,-3.7959576164258473,192.33017910169085,-2.608760676020201,191.22422604615218,-2.4303533595201556,191.03156372745846,-3.6180118244176396
17,2018-02-01,2018-04-22,65,19,1,189.36670590648848,-6.2413982171788875,189.56064593481173,-5.0544517040422665,190.66989264810093,-5.233235171247851,190.47755670341994,-6.421019769754362
17,2018-02-01,2018-04-22,66,19,2,189.75647419421486,-3.855556791172861,189.56260758591924,-5.042459412058972,190.6718291649237,-5.221232950820627,190.8634596695443,-4.033392720385087
17,2018-02-01,2018-04-22,67,19,3,192.06861460576116,-4.227098072310966,191.879309697822,-5.4147498235321985,190.76944239269184,-5.237725341284156,190.96125422775248,-4.049907310054404
17,2018-02-01,2018-04-22,68,19,4,191.68667253980067,-6.614237647630285,191.87738540863137,-5.426748023640925,190.76749635255092,-5.24972605940366,190.57492269973977,-6.437479789977241
17,2018-02-01,2018-04-22,69,20,1,189.24211042491945,-6.709190747397246,190.4379604617805,-6.900770624335492,190.25905872871124,-8.005972021096897,189.0598572531706,-7.8133160042182555
17,2018-02-01,2018-04-22,70,20,2,191.64679841418783,-7.091815238469055,190.45005671222316,-6.902695643540331,190.27117904237383,-8.007901070110034,191.4715092979023,-8.197076271706926
17,2018-02-01,2018-04-22,71,20,3,191.27889142814274,-9.398496918087405,190.07539324513013,-9.208732479140098,190.2559856109512,-8.103719242808596,191.45649604075305,-8.293582745146008
17,2018-02-01,2018-04-22,72,20,4,188.8611848571591,-9.012311932979756,190.06323653612017,-9.206792329844065,190.24386342948628,-8.101784116092176,189.04451555171036,-7.908339750044383
17,2018-02-01,2018-04-22,73,22,1,193.1069632229714,-1.0678020744597152,193.29783971189426,0.11956141774253091,194.4028298095508,-0.05837580015411282,194.2115252746507,-1.2462466345338303
17,2018-02-01,2018-04-22,74,22,2,193.4913090761301,1.3188170120729679,193.29977416645204,0.13155663403008258,194.40475965480053,-0.046374028644471765,194.59607272280888,1.1414906429350506
17,2018-02-01,2018-04-22,75,22,3,195.79389327169244,0.948328083502789,195.60281830765905,-0.23907291709867684,194.49782441078784,-0.060960108930578565,194.68933095894087,1.1269029440424447
17,2018-02-01,2018-04-22,76,22,4,195.40920416588085,-1.438383192979252,195.6008827839236,-0.25107404751495876,194.49588806291675,-0.072966612059941,194.30434381916075,-1.2608288160847867
17,2018-02-01,2018-04-22,77,23,1,192.6565773898759,-3.8795103668898445,192.84679859558162,-2.6919043409754124,193.95337297615544,-2.868288658994496,193.76387112789865,-4.056542663649806
17,2018-02-01,2018-04-22,78,23,2,193.03912995407035,-1.4923582543573033,192.84871866386098,-2.6799042101046013,193.95528300703603,-2.8562810831320626,194.14441719959098,-1.6680053894023827
17,2018-02-01,2018-04-22,79,23,3,195.34590206886415,-1.8597172083155422,195.15780940894953,-3.0476221806222763,194.05096164116637,-2.871817665444374,194.2405997311125,-1.6836161219235928
17,2018-02-01,2018-04-22,80,23,4,194.96678780093328,-4.24739522407745,195.15590170848904,-3.059624376282134,194.04904131554855,-2.883823607324951,193.85898540888292,-4.071984181877936
17,2018-02-01,2018-04-22,81,24,1,192.20327611843473,-6.691007827819019,192.39334752553475,-5.503245318574996,193.50416528231634,-5.678184938405592,193.31591019147484,-6.866788755400555
17,2018-02-01,2018-04-22,82,24,2,192.5851654704879,-4.303512310278656,192.3952626682527,-5.491239834923099,193.50605918120488,-5.66617023566872,193.69355465768913,-4.477503253321105
17,2018-02-01,2018-04-22,83,24,3,194.8990094886943,-4.666047039523871,194.71398774622432,-5.8546152375635065,193.60243766943165,-5.68158184519789,193.79014958580547,-4.492855706386387
17,2018-02-01,2018-04-22,84,24,4,194.5256181767775,-7.055030609001142,194.71211400073008,-5.866627386675082,193.60053440260404,-5.693595117952791,193.41201002784905,-6.882255707891519
